{"count":1,"self":596.4225024,"total":600.1456651,"children":{"InitializeActuators":{"count":1,"self":0.0019949,"total":0.0019949,"children":null},"InitializeSensors":{"count":1,"self":0.0019947999999999997,"total":0.0019947999999999997,"children":null},"AgentSendState":{"count":29725,"self":0.0665234,"total":0.1262759,"children":{"CollectObservations":{"count":5945,"self":0.020916499999999998,"total":0.020916499999999998,"children":null},"WriteActionMask":{"count":5945,"self":0.0069625999999999993,"total":0.0069625999999999993,"children":null},"RequestDecision":{"count":5945,"self":0.031873399999999996,"total":0.031873399999999996,"children":null}}},"DecideAction":{"count":29725,"self":3.5273176,"total":3.5273178,"children":null},"AgentAct":{"count":29725,"self":0.064562,"total":0.064562,"children":null}},"gauges":{"Player.CumulativeReward":{"count":44,"max":79.90329,"min":-4912.65527,"runningAverage":-170.108612,"value":-50.5,"weightedAverage":-48.3561134}},"metadata":{"timer_format_version":"0.1.0","start_time_seconds":"1638503670","unity_version":"2020.3.16f1","command_line_arguments":"C:\\Program Files\\Unity\\Hub\\Editor\\2020.3.16f1\\Editor\\Unity.exe -projectpath D:\/PFolder\/Unity\/BehaviourAnimation\/BehaviourAnimation -useHub -hubIPC -cloudEnvironment production -hubSessionId 0fe59230-53a7-11ec-8200-bf968879dd62 -accessToken 9iLWiAuiq_99sQj6_3oN5Mejz_Wxzwbc1O9-umi94rg004f","communication_protocol_version":"1.5.0","com.unity.ml-agents_version":"2.0.1","scene_name":"SampleScene","end_time_seconds":"1638504270"}}